query,gds_id,accession,title,summary,gds_type,taxon,entry_type,pubmed_ids,geo_url
"(""di(2-ethylhexyl) phthalate"" OR DEHP OR MEHP) AND expression profiling",200277478,GSE277478,Effect of DEHP on piRNA expression in rat testis,"To explore the effect of DEHP on piRNA expression in rat testes, we have employed rat piRNA microarray expression profiling as a discovery platform to identify piRNAs with the potential to study the role of DEHP exposure on piRNA expression in rat testes to provide new insight into DEHP-induced male reproductive injury.",Non-coding RNA profiling by array,Rattus norvegicus,GSE,39504879,https://www.ncbi.nlm.nih.gov/geo/query/acc.cgi?acc=GSE277478
"(""di(2-ethylhexyl) phthalate"" OR DEHP OR MEHP) AND expression profiling",200262419,GSE262419,Informing Hazard Identification and Risk Characterization of Environmental Chemicals by Combining Transcriptomic and Functional Data from Human Induced Pluripotent Stem Cell-Derived Cardiomyocytes,"Cardiovascular disease remains a significant global health concern, yet the cardiotoxic effects of environmental chemicals are largely unexplored. Human induced pluripotent stem cell-derived cardiomyocytes (iPSC-Cardiomyocytes) are well-established as valuable high-throughput cardiotoxicity testing model based on the analysis of various beating parameters; however, additional adverse effects that may not be directly related to ion channel activity are difficult to ascertain from traditional assays. Transcriptomic data may provide a more comprehensive assessment for additional molecular responses and serve as a basis for dose-response analysis. We hypothesized that transcriptomic data and functional phenotypic measurements in iPSC-Cardiomyocytes could be used to effectively screen for both hazard and risk associated with chemical exposures. To test this hypothesis, we performed concentration-response analysis of 464 chemicals from 12 diverse chemical classes. Functional effects (beat frequency, QT-prolongation, and asystole) and cytotoxicity were measured. In addition, whole transcriptome RNA-seq was used to investigate global gene expression profiles. Points of departure (PODs) were derived from both phenotypic endpoints and transcriptomic data. Margin of safety (MOS) for drugs and margin of exposure (MOE) for non-drug chemicals were calculated using PODs and the exposure estimates. The phenotypic assays revealed that a varying proportion (10% to 44%) of chemicals in each class had effects on iPSC-Cardiomyocytes; positive chronotrope was the most sensitive phenotype. Overall, 244 (53%) chemicals were active in at least one functional phenotype. As expected, drugs with known adverse effects on the heart were most active. Transcriptomic data showed 69 (15%) had significant effects on the biological pathways, the pathways that were significantly affected by some tested compounds were highly relevant to cardiomyocyte function. Specifically, the enriched pathways aligned well with key characteristics of known cardiovascular toxicants, with mitochondrial dysfunction being the most affected key characteristic. Using exposure and hazard (transcriptomic and phenotypic PODs from this study), we derived MOS and MOE and found that drugs tend to have lower MOS than MOE for the environmental chemicals. Thirteen and 10 drugs had MOS < 1 using phenotypic and transcriptomic data, respectively, suggesting that further investigation may be needed for these substances to test for potential cardiovascular risk. Overall, our findings demonstrate how the integrative use of in vitro transcriptomic data and phenotypic assays in iPSC-Cardiomyocytes not only offers a unique and complementary approach for hazard and risk prioritization, but also offers comprehensive mechanistic support for in vitro test results.",Expression profiling by high throughput sequencing,Homo sapiens,GSE,39046974,https://www.ncbi.nlm.nih.gov/geo/query/acc.cgi?acc=GSE262419
"(""di(2-ethylhexyl) phthalate"" OR DEHP OR MEHP) AND expression profiling",200214419,GSE214419,Alteration of the N6-methyladenosine Epitranscriptome Profile in Synthetic Phthalate-treated Human Induced Pluripotent Stem Cell-Derived Endothelial Cells [array],"Background: This study aims to characterize the N6-methyladensosine epitranscriptomic profile induced by mono(2-ethylhexyl) phthalate (MEHP) exposure using a human-induced pluripotent stem cell-derived endothelial cell model. Methods: A multi-omic approach was employed by performing RNA sequencing in parallel with an m6A-specific microarray to identify mRNAs, lncRNAs, and miRNAs affected by MEHP exposure. Results: An integrative multi-omic analysis identified relevant biological features affected by MEHP, while functional assays provided a phenotypic characterization of these effects. Transcripts regulated by the epitranscriptome were validated with qPCR and Me-RIP. Conclusion: Our findings offer important information regarding the alterations occurring within the m6A epitranscriptome and the gene expression changes which occur in response to treatment with a synthetic phthalate in hiPSC-ECs and may be an important resource for future research.",Expression profiling by array; Non-coding RNA profiling by array; Other,Homo sapiens,GSE,36314267,https://www.ncbi.nlm.nih.gov/geo/query/acc.cgi?acc=GSE214419
"(""di(2-ethylhexyl) phthalate"" OR DEHP OR MEHP) AND expression profiling",200212641,GSE212641,Alteration of the N6-methyladenosine Epitranscriptome Profile in Synthetic Phthalate-treated Human Induced Pluripotent Stem Cell-Derived Endothelial Cells [RNA-seq],"Background: This study aims to characterize the N6-methyladensosine epitranscriptomic profile induced by mono(2-ethylhexyl) phthalate (MEHP) exposure using a human-induced pluripotent stem cell-derived endothelial cell model. Methods: A multi-omic approach was employed by performing RNA sequencing in parallel with an m6A-specific microarray to identify mRNAs, lncRNAs, and miRNAs affected by MEHP exposure. Results: An integrative multi-omic analysis identified relevant biological features affected by MEHP, while functional assays provided a phenotypic characterization of these effects. Transcripts regulated by the epitranscriptome were validated with qPCR and Me-RIP. Conclusion: Our findings offer important information regarding the alterations occurring within the m6A epitranscriptome and the gene expression changes which occur in response to treatment with a synthetic phthalate in hiPSC-ECs and may be an important resource for future research.",Expression profiling by high throughput sequencing,Homo sapiens,GSE,36314267,https://www.ncbi.nlm.nih.gov/geo/query/acc.cgi?acc=GSE212641
"(""di(2-ethylhexyl) phthalate"" OR DEHP OR MEHP) AND expression profiling",200169072,GSE169072,Testing in vitro tools for the prediction of cholestatic liver injury induced by non-pharmaceutical chemicals,"Bile acid accumulation and subsequent liver damage is a frequent adverse effect induced by drugs. Considerable efforts have therefore been focused on the introduction and characterization of tools that allow reliable prediction of this type of drug-induced liver injury. Among those are the cholestatic index and transcriptomic profiling, which are typically assessed in in vitro settings. The present study was set up to test the applicability of both tools to non-pharmaceutical compounds with cholestatic potential, including the industrial compound bis(2-ethylhexyl)phthalate, the cosmetic ingredients triclosan and octynoic acid, the herbicides paraquat and quizalofop-para-ethyl, and the food additives sunset yellow and tartrazine, in a human hepatoma cell culture model of cholestatic liver injury. The cholestatic index method showed cholestatic liability of sunset yellow, tartrazine and triclosan. Of those, tartrazine induced transcriptional changes reminiscent of the transcriptional profile of cholestatic drugs. Furthermore, a number of genes were found to be uniquely modulated by tartrazine, in accordance with the cholestatic drugs atazanavir, cyclosporin A and nefazodone, which may have potential as novel transcriptomic biomarkers of chemical-induced cholestatic liver injury. In conclusion, unambiguous identification of the non-pharmaceutical compounds tested in this study as inducers of cholestasis could not be achieved.",Expression profiling by array,Homo sapiens,GSE,33819548|34589561,https://www.ncbi.nlm.nih.gov/geo/query/acc.cgi?acc=GSE169072
"(""di(2-ethylhexyl) phthalate"" OR DEHP OR MEHP) AND expression profiling",200086939,GSE86939,Effects of long-term endocrine disrupting compound exposure on Macaca mulatta embryonic stem cells,"Endocrine disrupting chemicals (EDCs) exert significant effects on health and physiology, many of which are traceable to effects on stem cell programming underlying organismal development.  Understanding risk of low-level, chronic EDC exposure will be enhanced by knowledge of effects on stem cells.  We exposed rhesus monkey embryonic stem cells to low levels of five different EDCs for 28 days, and evaluated effects on gene expression by RNAseq transcriptome profiling.  EDCs tested included bisphenol A (BPA), atrazine (ATR), tributyltin (TBT), perfluorooctanoic acid (PFOA), and di-(2-ethylhexyl) phthalate (DEHP).  We observed little effect of BPA, and small numbers of affected genes (119 or fewer) with the other EDCs.  There was substantial overlap in effects across two, three, or four treatments. Ingenuity Pathway analysis indicated suppression of cell survival genes, activation of cell death genes, suppression of genes downstream of several stress response mediators, and modulations in several genes that regulate pluripotency, differentiation, and germ layer development. Potential adverse effects of these changes on development are discussed.",Expression profiling by high throughput sequencing,Macaca mulatta,GSE,27614199,https://www.ncbi.nlm.nih.gov/geo/query/acc.cgi?acc=GSE86939
"(""di(2-ethylhexyl) phthalate"" OR DEHP OR MEHP) AND expression profiling",200072081,GSE72081,Exploiting microRNA and mRNA profiles generated in vitro from carcinogen-exposed primary mouse hepatocytes for predicting in vivo genotoxicity and carcinogenicity (mRNA),"The well-defined battery of in vitro systems applied within chemical cancer risk assessment is often characterised by a high false-positive rate, thus repeatedly failing to correctly predict the in vivo genotoxic and carcinogenic properties of test compounds. Toxicogenomics, i.e. mRNA-profiling, has been proven successful in improving the prediction of genotoxicity in vivo and the understanding of underlying mechanisms. Recently, microRNAs have been discovered as post-transcriptional regulators of mRNAs. It is thus hypothesised that using microRNA response-patterns may further improve current prediction methods. This study aimed at predicting genotoxicity and non-genotoxic carcinogenicity in vivo, by comparing microRNA- and mRNA-based profiles, using a frequently applied in vitro liver model and exposing this to a range of well-chosen prototypical carcinogens. Primary mouse hepatocytes (PMH) were treated for 24 and 48h with 21 chemical compounds [genotoxins (GTX) vs. non-genotoxins (NGTX) and non-genotoxic carcinogens (NGTX-C) versus non-carcinogens (NC)]. MicroRNA and mRNA expression changes were analysed by means of Exiqon and Affymetrix microarray-platforms, respectively. Classification was performed by using Prediction Analysis for Microarrays (PAM). Compounds were randomly assigned to training and validation sets (repeated 10 times). Before prediction analysis, pre-selection of microRNAs and mRNAs was performed by using a leave-one-out t-test. No microRNAs could be identified that accurately predicted genotoxicity or non-genotoxic carcinogenicity in vivo. However, mRNAs could be detected which appeared reliable in predicting genotoxicity in vivo after 24h (7 genes) and 48h (2 genes) of exposure (accuracy: 90% and 93%, sensitivity: 65% and 75%, specificity: 100% and 100%). Tributylinoxide and para-Cresidine were misclassified. Also, mRNAs were identified capable of classifying NGTX-C after 24h (5 genes) as well as after 48h (3 genes) of treatment (accuracy: 78% and 88%, sensitivity: 83% and 83%, specificity: 75% and 93%). Wy-14,643, phenobarbital and ampicillin trihydrate were misclassified. We conclude that genotoxicity and non-genotoxic carcinogenicity probably cannot be accurately predicted based on microRNA profiles. Overall, transcript-based prediction analyses appeared to clearly outperform microRNA-based analyses.",Expression profiling by array,Mus musculus,GSE,27338304,https://www.ncbi.nlm.nih.gov/geo/query/acc.cgi?acc=GSE72081
"(""di(2-ethylhexyl) phthalate"" OR DEHP OR MEHP) AND expression profiling",200072014,GSE72014,Exploiting microRNA and mRNA profiles generated in vitro from carcinogen-exposed primary mouse hepatocytes for predicting in vivo genotoxicity and carcinogenicity (miRNA),"The well-defined battery of in vitro systems applied within chemical cancer risk assessment is often characterised by a high false-positive rate, thus repeatedly failing to correctly predict the in vivo genotoxic and carcinogenic properties of test compounds. Toxicogenomics, i.e. mRNA-profiling, has been proven successful in improving the prediction of genotoxicity in vivo and the understanding of underlying mechanisms. Recently, microRNAs have been discovered as post-transcriptional regulators of mRNAs. It is thus hypothesised that using microRNA response-patterns may further improve current prediction methods. This study aimed at predicting genotoxicity and non-genotoxic carcinogenicity in vivo, by comparing microRNA- and mRNA-based profiles, using a frequently applied in vitro liver model and exposing this to a range of well-chosen prototypical carcinogens. Primary mouse hepatocytes (PMH) were treated for 24 and 48h with 21 chemical compounds [genotoxins (GTX) vs. non-genotoxins (NGTX) and non-genotoxic carcinogens (NGTX-C) versus non-carcinogens (NC)]. MicroRNA and mRNA expression changes were analysed by means of Exiqon and Affymetrix microarray-platforms, respectively. Classification was performed by using Prediction Analysis for Microarrays (PAM). Compounds were randomly assigned to training and validation sets (repeated 10 times). Before prediction analysis, pre-selection of microRNAs and mRNAs was performed by using a leave-one-out t-test. No microRNAs could be identified that accurately predicted genotoxicity or non-genotoxic carcinogenicity in vivo. However, mRNAs could be detected which appeared reliable in predicting genotoxicity in vivo after 24h (7 genes) and 48h (2 genes) of exposure (accuracy: 90% and 93%, sensitivity: 65% and 75%, specificity: 100% and 100%). Tributylinoxide and para-Cresidine were misclassified. Also, mRNAs were identified capable of classifying NGTX-C after 24h (5 genes) as well as after 48h (3 genes) of treatment (accuracy: 78% and 88%, sensitivity: 83% and 83%, specificity: 75% and 93%). Wy-14,643, phenobarbital and ampicillin trihydrate were misclassified. We conclude that genotoxicity and non-genotoxic carcinogenicity probably cannot be accurately predicted based on microRNA profiles. Overall, transcript-based prediction analyses appeared to clearly outperform microRNA-based analyses.",Non-coding RNA profiling by array,Rattus norvegicus; Mus musculus; Homo sapiens,GSE,27338304,https://www.ncbi.nlm.nih.gov/geo/query/acc.cgi?acc=GSE72014
"(""di(2-ethylhexyl) phthalate"" OR DEHP OR MEHP) AND expression profiling",200034651,GSE34651,"Mechanisms of Pancreatic Acinar Cell Neoplasia Associated with Gene Expression Changes caused by Dietary Exposure of Rats to Ammonium perfluorooctanoate, Wyeth 14,643 or Diethylhexyl phthalate","To identify putative procarcinogenic gene changes associated with  pancreatic acinar cell neoplasia in rats exposed to peroxisome proliferator activated receptor alpha agonists, we performed transcription profiling in the pancreas of  rats fed diets containing the pancreatic carcinogen Wyeth 14,643 (Wy) at  procarcinogenic (50ppm) and non-carcinogenic (20ppm) doses for 1, 7, 28 and 90 days. The effects of these treatments were compared to those of ammonium perfluorooctanoate (APFO) 300 ppm, an agent shown to induce pancreatic acinar cell adenomas in rats, and diethylhexylphthalate (DEHP) 12,000 ppm, an agent not shown to produce pancreatic acinar cell tumors. To assess whether this putative mechanism(s) of carcinogenesis occurs in ‘target’ cells we have also performed transcriptional profiling in isolated pancreatic acinar cells obtained from animals exposed to these compounds in vivo.",Expression profiling by array,Rattus norvegicus,GSE,,https://www.ncbi.nlm.nih.gov/geo/query/acc.cgi?acc=GSE34651
"(""di(2-ethylhexyl) phthalate"" OR DEHP OR MEHP) AND expression profiling",200074736,GSE74736,"Gene transcription, metabolite and lipid profiling in eco-indicator daphnia magna indicate diverse mechanisms of toxicity by legacy and emerging flame-retardants.","The use of chemical flame-retardants (FR) in consumer products has steadily increased over the last 30 years. Toxicity data exist for legacy FRs such as pentabromodiphenyl ether (pentaBDE), but less is known about effects of new formulations. To address this issue, the toxicity of seven FR chemicals and formulations was assessed on the freshwater crustacean Daphnia magna. Acute 48-h nominal LC50 values for penta- and octabromodiphenyl ether (pentaBDE, octaBDE), Firemaster 550 (FM550), Firemaster BZ-54 (BZ54), bis(2-ethylhexyl) tetrabromophthalate (BEH-TEBP), triphenyl phosphate (TPhP), and nonbrominated BEH-TEBP analog bis(2-ethylhexyl) phthalate (BEHP) ranged from 0.058 mg/L (pentaBDE) to 3.96 mg/L (octaBDE). mRNA expression, (1)H NMR-based metabolomic and lipidomic profiling at 1/10 LC50 revealed distinct patterns of molecular response for each exposure, suggesting pentaPBDE affects transcription and translation, octaBDE and BEH-TEBP affect glycosphingolipid biosynthesis and BZ54 affects Wnt and Hedgehog signal pathways as well as glycosaminoglycan degradation. Brominated components of FM550 (i.e., BZ54) were significantly higher in Daphnia after 48 h following 1/10 LC50 exposure. FM550 elicited significant mRNA changes at five concentrations across a range from 1/10^6 LC50 to 1/2 LC50. Analyses suggest FM550 impairs nutrient utilization or uptake in Daphnia.",Expression profiling by array,Daphnia magna,GSE,25985095,https://www.ncbi.nlm.nih.gov/geo/query/acc.cgi?acc=GSE74736
"(""di(2-ethylhexyl) phthalate"" OR DEHP OR MEHP) AND expression profiling",200064187,GSE64187,Dose and Effect Thresholds for Early Key Events in a PPARα Tumorigenic Mode of Action,The goal of this study was to determine short-term key event markers using qualitative and quantitative methods in an established pathway of mouse liver tumorigenesis mediated by peroxisome proliferator-activated receptor alpha (PPARα). a 7-day case study approach was used to determine transcriptional PODs and effect thresholds for early key events in an established MOA for liver tumorigenesis in mice.  The target pathway is mediated by peroxisome proliferator-activated receptor alpha (PPARalpha) (Corton et al. 2013). In this study we analyzed three reference phthalates with different levels of receptor activity and liver outcomes at 2 years.,Expression profiling by array,Mus musculus,GSE,26519955,https://www.ncbi.nlm.nih.gov/geo/query/acc.cgi?acc=GSE64187
"(""di(2-ethylhexyl) phthalate"" OR DEHP OR MEHP) AND expression profiling",200053523,GSE53523,Comparative Time Course Profiles of Phthalate Stereoisomers in Mice,"Analysis of gene expression level in a mouse tumorigenic phthalate, DEHP vs non-tumorigenic DNOP.  The hypothesis tested in the present study was to identify early key event thresholds related to tumor outcomes in a two-year carcinogenicity bioassay.  Our results highlight marked differences in the toxicity profiles of structurally similar phthalates and demonstrate quantitative relationships between early bioindicators and later tumor outcomes.",Expression profiling by array,Mus musculus,GSE,24496798|24496636,https://www.ncbi.nlm.nih.gov/geo/query/acc.cgi?acc=GSE53523
"(""di(2-ethylhexyl) phthalate"" OR DEHP OR MEHP) AND expression profiling",200041901,GSE41901,Comparison of the effects of Tris (2-ethylhexyl) trimellitate (TOTM) on gene expression associated with testicular maldevelopment (TMD) in male rat foetal testes by transcription profiling,"The purpose of this study is to assess the potential of TOTM to induce testicular maldevelopment in the rat. We studied the effects of TOTM on the expression of genes in pathways involved in steriodogenesis and testes development. Certain phthalate esters have previously been shown to be involved in the induction of rat testicular mal-development (TMD) through effects on the expression of genes in pathways involved in steroidogenesis and testes development. In order to assess the effects of a potential alternate plasticizer, tris(2-ethylhexyl)trimellitate (TOTM), rats were exposed daily, in utero, to TOTM in order to assess the potential of this compound to induce developmental effects on the fetal testes. Pregnant rats were exposed between gestational day 12 and 19 and fetal testes RNA was analysed using whole genome microarrays. The effects of TOTM on the expression of genes in pathways involved in steroidogenesis and testes development were examined. The effects of TOTM were also compared with di(2-ethylhexyl)phthalate (DEHP), mono(2-ethylhexyl)phthalate (MEHP), an active metabolite of DEHP, and 2-ethylhexanol (2-EH), which were used as positive and negative controls, respectively. MEHP & DEHP (500mg/kg) caused a repression of genes in TMD pathways involved in cholesterol synthesis and transport (HMGCS, HMGCR, StAR, SCARB1, FDFT1, FDPS), steroidogenesis (Cyp11a, HSD3B1, SC4MOL) and testes development (INSL3, INHA). 2-EH caused minor repression of some of the genes in the TMD pathway. This was rationalised on the basis that 2-EH, a DEHP metabolite, is also a weak PPARα agonist. It has been shown that in utero treatment with DBP will repress the genes from fetal testes involved in steroidogenesis and that this effect is associated with direct DBP-mediated binding of PPARα to the promoters of these genes (Plummer et. al. 2010). TOTM did not cause a significant repression of genes in the TMD pathway.  Based on these data, it is highly unlikely that TOTM will cause testicular dysgenesis in rats.",Expression profiling by array,Rattus norvegicus,GSE,,https://www.ncbi.nlm.nih.gov/geo/query/acc.cgi?acc=GSE41901
"(""di(2-ethylhexyl) phthalate"" OR DEHP OR MEHP) AND expression profiling",200037602,GSE37602,Identification of stage-specific gene expression signatures in response to retinoic acid during the neural differentiation of mouse embryonic stem cells,"We analyzed gene expression profiling by an bioinformatic approach to identify the stage-specific gene sets associated with neural differentiation of mESCs. We exposed mESCs (B6G-2 cells) to titrated doses of retinoic acid (RA) for 4 days during embryoid body formation and then performed morphological analysis on day of differentiation (DoD) 8 and 29, or genomic microarray analysis on DoD 0, 2, 8 and 29. Microarray data were analyzed by clustering methods such as self-organizing map and principal component analysis. A gene network analysis for selected gene sets was then performed using Bayesian statistics to identify stage-specific gene expression signatures in response to RA.",Expression profiling by array,Mus musculus,GSE,,https://www.ncbi.nlm.nih.gov/geo/query/acc.cgi?acc=GSE37602
"(""di(2-ethylhexyl) phthalate"" OR DEHP OR MEHP) AND expression profiling",200022218,GSE22218,"Alteration of the expression and 17, 20 lyase activity of cytochrome P450 17-hydroxylase/17, 20 lyase and of the expression of other Leydig cells genes in the rat fetal testis directly exposed to Mono-ethyl hexyl phthalate in culture.","This study aimed to investigate the direct mechanism(s) of action ofMono-(Ethyl-Hexyl) phthalate (MEHP) on the rat fetal testis with particular emphasis to Leydig cell steroidogenesis, by means of an in vitro system based on culture for 3 days of fetal testes from 14.5 days post-coïtum old rats. We first confirmed that an exposure to MEHP led to a dose-dependent decrease of testosterone and demonstrated that dihydrotestosterone (DHT) production was also inhibited. We then demonstrated that in 10µM MEHP-exposed testis basal 17alpha-hydroxy-progesterone (17OHP) production was increased (+40%) while androstenedione levels decreased (-55%). Furthermore, the addition of the latter steroid but none of the other precursors rescued testosterone thus establishing further that MEHP specifically blocked steroidogenesis at the level of the 17,20 lyase activity of the P450c17 enzyme (CYP17), which converts 17OHP to androstenedione. Furthermore and accordingly, both levels of testicular CYP17 protein (western blot) and cyp17a1 gene (qPCR, microarrays) were found to decrease under MEHP exposure. The microarray analysis also showed that among the few other testicular genes cyp17a1 whose expression was inhibited by MEHP were the genes encoding for the Leydig cell insulin-like peptid 3 (INSL3), involved in the control of testicular descent, and for inhibin A (INHA), that regulates follicular-stimulating hormone secretion.Under in vitro conditions where MEHP is not metabolized and remains at low intratesticular concentration, our findings show in particular that this phthalate directly inhibits several important Leydig cell factors involved in testis development and function.",Expression profiling by array,Rattus norvegicus,GSE,22087261,https://www.ncbi.nlm.nih.gov/geo/query/acc.cgi?acc=GSE22218
"(phthalate OR ""mono-2-ethylhexyl phthalate"") AND insulin resistance AND expression",100006246,GPL6246,[MoGene-1_0-st] Affymetrix Mouse Gene 1.0 ST Array [transcript (gene) version],"Affymetrix submissions are typically submitted to GEO using the GEOarchive method described at http://www.ncbi.nlm.nih.gov/projects/geo/info/geo_affy.html  June 03, 2009: annotation table updated with netaffx build 28 June 07, 2012: annotation table updated with netaffx build 32 July 01, 2016: annotation table updated with netaffx build 35 Protocol: See manufacturer's web site ",,Mus musculus,GPL,,https://www.ncbi.nlm.nih.gov/geo/query/acc.cgi?acc=GPL6246
(DEHP OR MEHP) AND (PPAR OR AMPK OR oxidative stress) AND transcriptome,200293605,GSE293605,"Typical plasticisers DEHP, DBP treatment of human liver-like organs","Phthalates are widely used as industrial plasticisers in the manufacture of plastics, resins, rubbers, paints, emulsifiers, medical devices, personal care products, and so on. Diethylhexyl phthalate (DEHP) and dibutyl phthalate (DBP) are the most common members of the phthalate group. As typical peroxisome proliferators, plasticisers and their derivatives have been shown to induce fatty liver in rodents by interfering with peroxisome proliferator-activated receptors (PPARa) (Feige et al. 2010; Issemann and Green 1990). In this study, the effects of plasticisers on hepatic glycolipid metabolism were investigated using a human liver organoid to explore the endocrine-disrupting effects of plasticisers and their mechanisms in a state more closely resembling that of a real human organ.",Expression profiling by high throughput sequencing,Homo sapiens,GSE,41161237,https://www.ncbi.nlm.nih.gov/geo/query/acc.cgi?acc=GSE293605
(DEHP OR MEHP) AND (PPAR OR AMPK OR oxidative stress) AND transcriptome,200283751,GSE283751,Disruption of macrophage polarization promote adipocyte disfunction via APOE-APP Intercellular communication,"Human exposure to endocrine disrupting chemicals (EDCs) such as plasticizers contributes to part of metabolic disorders especially in children and adolescents. Immune cells especially macrophages were essential targets of plasticizers, however their roles on plasticizers induced metabolic disorders and the underlying mechanism were poorly elucidated. Here we reported that dicyclohexyl phthalate (DCHP), one substitute for di-2-ethylhexyl phthalate (DEHP), prepubertal exposure decreased adipose tissue mass and increased plasma triglycerides in mice. Mechanistically, adipose tissue macrophages, particularly lipid associated macrophages (LAM), played key role in this systemic metabolic disorder. Phthalates facilitated the formation of LAMs. And LAMs communicated with adipocyte precursors, especially adipose progenitor cells, via APOE-APP interaction, leading to abnormal adipogenesis. Blocking LAMs formation via macrophage-specific PPARγ knockout enabled adaptive adipogenesis, ameliorating DCHP-induced metabolic disorder. Our data highlights the essential role of LAMs in inhibiting adaptive adipogenesis, supplying a scientific basis for EDCs associated metabolic disorder, especially environmental related lipodystrophy.",Expression profiling by high throughput sequencing,Homo sapiens,GSE,,https://www.ncbi.nlm.nih.gov/geo/query/acc.cgi?acc=GSE283751
(DEHP OR MEHP) AND (PPAR OR AMPK OR oxidative stress) AND transcriptome,200124564,GSE124564,Development of a Classification Taxonomy for Adipogenic Chemicals: A Novel Tool for Identifying Emerging Metabolic Health Threats,"Growing evidence suggests that chemicals in disparate structural classes activate specific subsets of PPARγ’s transcriptional programs to generate adipocytes with distinct phenotypes. Our objectives were to 1) establish a novel classification method to predict PPARγ-interacting and modifying chemicals and 2) create taxonomy labels to group chemicals based on their effects on PPARγ’s transcriptome and downstream metabolic functions. We tested the hypothesis that an environmental ligand highly ranked by the taxonomy, but that segregated from the therapeutic ligands, would induce white but not brite adipogensis. 3T3-L1 cells were differentiated in the presence of 76 chemicals (negative controls, synthetic nuclear receptor ligands known to influence adipocyte biology, suspected environmental PPARγ ligands). Differentiation was assessed by measuring lipid accumulation. mRNA expression was determined by highly multiplexed RNA-Seq and validated by RT-qPCR. A novel classification model was developed using an amended random forest procedure. A subset of environmental contaminants identified as strong PPARγ agonists were characterized further for lipid handling, mitochondrial biogenesis and cellular respiration in 3T3-L1 cells and primary human preadipocytes. The 76 chemicals generated a spectrum of adipogenic differentiation. We used lipid accumulation and RNA sequencing data to develop a classification system that 1) identified PPARγ agonists and 2) sorted agonists into likely white or brite adipocyte inducers. Expression of Cidec, was the most efficacious indicator for strong PPARγ activation. Two known environmental PPARγ ligands, tetrabromobisphenol A, and triphenyl phosphate, which sorted distinctly from therapeutic ligands, induced white but not brite adipocyte genes and induced fatty acid uptake but not mitochondrial biogenesis in 3T3-L1 cells. The highly ranked agonists, tonalid and quinoxyfen, also induced white adipogenesis in 3T3-L1 cells and primary human preadipocytes. A novel classification procedure accurately identified environmental chemicals as PPARγ-modifying chemicals distinct from known PPARγ-modifying therapeutics.",Expression profiling by high throughput sequencing,Mus musculus,GSE,34323617,https://www.ncbi.nlm.nih.gov/geo/query/acc.cgi?acc=GSE124564
(DEHP OR MEHP) AND (PPAR OR AMPK OR oxidative stress) AND transcriptome,200013240,GSE13240,Effect of DEHP on adult mouse Leydig cells,"BACKGROUND: Phthalates are manmade industrial additives used mostly as plasticizers. In addition to their deleterious effects on male genital development, population studies have recently documented correlations between phthalates exposure and subtle impacts on reproductive tract development and on the metabolic syndrome in male adults. In mature rodents liver di-(2-ethylhexyl)-phthalate (DEHP) activates the peroxisome proliferators-activated receptor (PPARalpha), a member of the nuclear receptor (NR) superfamily.  OBJECTIVES: Using a systems biology approach, we aimed at defining potential mechanisms underlying the impacts of DEHP on adult mouse liver and testis.  METHODS: Thus, we performed a parallel analysis of transcript and metabolic profiles in the liver from adult mice exposed to varying DEHP doses. Moreover, we obtained pangenomic mRNA profiles of laser-captured Leydig and Sertoli cells from mature animals exposed to DEHP.  RESULTS: Hepatic genes modulated by DEHP are predominantly PPARalpha targets. However, the induction of some prototypic cytochrome P450 genes strongly supports the activation of additional NR pathways. Integration of hepatic transcriptomic and metabonomic profiles further revealed a correlation between the impacts of DEHP on a cluster of genes and metabolites linked to heme synthesis and on a cluster of Rev-erbalpha target genes related to metabolic and circadian clock pathways. Cell-specific effects of DEHP were investigated in the adult testis and a noticeable impact of DEHP was observed on Leydig cells transcriptome.  CONCLUSIONS: We report a detailed analysis of DEHP interference with hepatic Constitutive Androstane Receptor (CAR) and Rev-erbalpha pathways and a novel transcriptional impact of DEHP on adult endocrine cells of the testis.  Keywords: Treatment effect",Expression profiling by array,Mus musculus,GSE,19245819,https://www.ncbi.nlm.nih.gov/geo/query/acc.cgi?acc=GSE13240
(DEHP OR MEHP) AND (PPAR OR AMPK OR oxidative stress) AND transcriptome,200013237,GSE13237,Effect of DEHP on adult mouse Sertoli cells rich areas (SCRA),"BACKGROUND: Phthalates are manmade industrial additives used mostly as plasticizers. In addition to their deleterious effects on male genital development, population studies have recently documented correlations between phthalates exposure and subtle impacts on reproductive tract development and on the metabolic syndrome in male adults. In mature rodents liver di-(2-ethylhexyl)-phthalate (DEHP) activates the peroxisome proliferators-activated receptor (PPARalpha), a member of the nuclear receptor (NR) superfamily.  OBJECTIVES: Using a systems biology approach, we aimed at defining potential mechanisms underlying the impacts of DEHP on adult mouse liver and testis.  METHODS: Thus, we performed a parallel analysis of transcript and metabolic profiles in the liver from adult mice exposed to varying DEHP doses. Moreover, we obtained pangenomic mRNA profiles of laser-captured Leydig and Sertoli cells from mature animals exposed to DEHP.  RESULTS: Hepatic genes modulated by DEHP are predominantly PPARalpha targets. However, the induction of some prototypic cytochrome P450 genes strongly supports the activation of additional NR pathways. Integration of hepatic transcriptomic and metabonomic profiles further revealed a correlation between the impacts of DEHP on a cluster of genes and metabolites linked to heme synthesis and on a cluster of Rev-erbalpha target genes related to metabolic and circadian clock pathways. Cell-specific effects of DEHP were investigated in the adult testis and a noticeable impact of DEHP was observed on Leydig cells transcriptome.  CONCLUSIONS: We report a detailed analysis of DEHP interference with hepatic Constitutive Androstane Receptor (CAR) and Rev-erbalpha pathways and a novel transcriptional impact of DEHP on adult endocrine cells of the testis.  Keywords: Treatment effect",Expression profiling by array,Mus musculus,GSE,19245819,https://www.ncbi.nlm.nih.gov/geo/query/acc.cgi?acc=GSE13237
