target,target_label,unit,scenario_id,scenario_label,subgroup_variable,subgroup_level,n_meals,n_subjects,mean_delta_pred,median_delta_pred,mean_predicted_reduction,percent_meals_with_predicted_reduction,mean_relative_reduction_percent
iauc_2h,2-h glucose iAUC,mg/dL*min,S1_carb_minus_20_energy_reduced,"Carb -20%, energy reduced",Gender,F,993,26,-164.09952964549586,-33.73792980258531,164.09952964549586,63.74622356495468,6.300517262410229
iauc_2h,2-h glucose iAUC,mg/dL*min,S1_carb_minus_20_energy_reduced,"Carb -20%, energy reduced",Gender,M,490,14,-156.18564859605516,-32.426173846933466,156.18564859605516,61.42857142857143,15.296141403666471
iauc_2h,2-h glucose iAUC,mg/dL*min,S1_carb_minus_20_energy_reduced,"Carb -20%, energy reduced",subgroup_bmi_30,BMI <30,788,21,-165.4711618164967,-33.41024832100692,165.4711618164967,62.69035532994924,15.460602013164896
iauc_2h,2-h glucose iAUC,mg/dL*min,S1_carb_minus_20_energy_reduced,"Carb -20%, energy reduced",subgroup_bmi_30,BMI >=30,695,19,-156.964784516036,-33.11527134317703,156.964784516036,63.30935251798561,2.256933155389913
iauc_2h,2-h glucose iAUC,mg/dL*min,S1_carb_minus_20_energy_reduced,"Carb -20%, energy reduced",subgroup_fasting_glucose_category,100-125,616,16,-148.49219607242588,-30.351043087362925,148.49219607242588,61.85064935064936,4.023536453875596
iauc_2h,2-h glucose iAUC,mg/dL*min,S1_carb_minus_20_energy_reduced,"Carb -20%, energy reduced",subgroup_fasting_glucose_category,<100,418,10,-175.77827949570815,-52.53271436852492,175.77827949570815,66.98564593301435,20.825169218563097
iauc_2h,2-h glucose iAUC,mg/dL*min,S1_carb_minus_20_energy_reduced,"Carb -20%, energy reduced",subgroup_fasting_glucose_category,>=126,449,14,-166.0028666820135,-21.851811452373116,166.0028666820135,60.80178173719376,5.719607439695296
iauc_2h,2-h glucose iAUC,mg/dL*min,S1_carb_minus_20_energy_reduced,"Carb -20%, energy reduced",subgroup_hba1c_category,5.7-6.4,516,14,-149.16587382551575,-28.85015842451173,149.16587382551575,61.43410852713178,3.5109319649703723
iauc_2h,2-h glucose iAUC,mg/dL*min,S1_carb_minus_20_energy_reduced,"Carb -20%, energy reduced",subgroup_hba1c_category,<5.7,603,14,-156.37664850304202,-37.08585903216675,156.37664850304202,64.51077943615256,15.461880646440802
iauc_2h,2-h glucose iAUC,mg/dL*min,S1_carb_minus_20_energy_reduced,"Carb -20%, energy reduced",subgroup_hba1c_category,>=6.5,364,12,-187.40959013391196,-33.31222012225311,187.40959013391196,62.63736263736264,7.187824191322564
iauc_2h,2-h glucose iAUC,mg/dL*min,S2_carb_minus_20_to_protein_isocaloric,"Carb -20% to protein, isocaloric",Gender,F,993,26,-287.8759568516441,-157.8796556262805,287.8759568516441,76.13293051359517,15.81865254753677
iauc_2h,2-h glucose iAUC,mg/dL*min,S2_carb_minus_20_to_protein_isocaloric,"Carb -20% to protein, isocaloric",Gender,M,490,14,-280.8635052982977,-146.9546467020239,280.8635052982977,75.10204081632654,43.75952045144943
iauc_2h,2-h glucose iAUC,mg/dL*min,S2_carb_minus_20_to_protein_isocaloric,"Carb -20% to protein, isocaloric",subgroup_bmi_30,BMI <30,788,21,-295.3933181974283,-152.44966261667383,295.3933181974283,75.38071065989847,41.09087352296851
iauc_2h,2-h glucose iAUC,mg/dL*min,S2_carb_minus_20_to_protein_isocaloric,"Carb -20% to protein, isocaloric",subgroup_bmi_30,BMI >=30,695,19,-274.4086446191008,-157.8796556262805,274.4086446191008,76.2589928057554,6.863998078870581
iauc_2h,2-h glucose iAUC,mg/dL*min,S2_carb_minus_20_to_protein_isocaloric,"Carb -20% to protein, isocaloric",subgroup_fasting_glucose_category,100-125,616,16,-277.5044105109289,-150.49861524259046,277.5044105109289,76.46103896103897,7.589715598722082
iauc_2h,2-h glucose iAUC,mg/dL*min,S2_carb_minus_20_to_protein_isocaloric,"Carb -20% to protein, isocaloric",subgroup_fasting_glucose_category,<100,418,10,-304.22542010542827,-169.8425915600634,304.22542010542827,74.88038277511961,55.71498098573018
iauc_2h,2-h glucose iAUC,mg/dL*min,S2_carb_minus_20_to_protein_isocaloric,"Carb -20% to protein, isocaloric",subgroup_fasting_glucose_category,>=126,449,14,-279.23162643885814,-145.88978098809866,279.23162643885814,75.7238307349666,20.458708552486
iauc_2h,2-h glucose iAUC,mg/dL*min,S2_carb_minus_20_to_protein_isocaloric,"Carb -20% to protein, isocaloric",subgroup_hba1c_category,5.7-6.4,516,14,-264.2010525314221,-134.5275524493269,264.2010525314221,77.32558139534885,9.483998155215753
iauc_2h,2-h glucose iAUC,mg/dL*min,S2_carb_minus_20_to_protein_isocaloric,"Carb -20% to protein, isocaloric",subgroup_hba1c_category,<5.7,603,14,-278.3313662066794,-154.74924120315677,278.3313662066794,74.12935323383084,38.29698108111428
iauc_2h,2-h glucose iAUC,mg/dL*min,S2_carb_minus_20_to_protein_isocaloric,"Carb -20% to protein, isocaloric",subgroup_hba1c_category,>=6.5,364,12,-327.808752255514,-190.9353663384757,327.808752255514,76.37362637362637,25.17380318931593
iauc_2h,2-h glucose iAUC,mg/dL*min,S3_carb_minus_20_to_fat_isocaloric,"Carb -20% to fat, isocaloric",Gender,F,993,26,-136.74566462701128,-27.742067493901917,136.74566462701128,59.91943605236657,-5.03920419712933
iauc_2h,2-h glucose iAUC,mg/dL*min,S3_carb_minus_20_to_fat_isocaloric,"Carb -20% to fat, isocaloric",Gender,M,490,14,-124.56050830063413,-27.354860813827145,124.56050830063413,60.40816326530612,6.706892088037255
iauc_2h,2-h glucose iAUC,mg/dL*min,S3_carb_minus_20_to_fat_isocaloric,"Carb -20% to fat, isocaloric",subgroup_bmi_30,BMI <30,788,21,-137.03170608599785,-27.752020437135627,137.03170608599785,59.13705583756346,1.9670254313742488
iauc_2h,2-h glucose iAUC,mg/dL*min,S3_carb_minus_20_to_fat_isocaloric,"Carb -20% to fat, isocaloric",subgroup_bmi_30,BMI >=30,695,19,-127.83037359160662,-26.785553392569,127.83037359160662,61.15107913669065,-4.701537675588598
iauc_2h,2-h glucose iAUC,mg/dL*min,S3_carb_minus_20_to_fat_isocaloric,"Carb -20% to fat, isocaloric",subgroup_fasting_glucose_category,100-125,616,16,-120.94060480703746,-24.40802392479887,120.94060480703746,59.57792207792208,-4.570746428674456
iauc_2h,2-h glucose iAUC,mg/dL*min,S3_carb_minus_20_to_fat_isocaloric,"Carb -20% to fat, isocaloric",subgroup_fasting_glucose_category,<100,418,10,-138.10331237146744,-40.33874258233163,138.10331237146744,61.48325358851675,14.63980377156182
iauc_2h,2-h glucose iAUC,mg/dL*min,S3_carb_minus_20_to_fat_isocaloric,"Carb -20% to fat, isocaloric",subgroup_fasting_glucose_category,>=126,449,14,-143.86747641319482,-23.63193009994484,143.86747641319482,59.46547884187082,-11.18354303131524
iauc_2h,2-h glucose iAUC,mg/dL*min,S3_carb_minus_20_to_fat_isocaloric,"Carb -20% to fat, isocaloric",subgroup_hba1c_category,5.7-6.4,516,14,-126.35555661399798,-22.821964153756426,126.35555661399798,58.13953488372093,-2.095795384057391
iauc_2h,2-h glucose iAUC,mg/dL*min,S3_carb_minus_20_to_fat_isocaloric,"Carb -20% to fat, isocaloric",subgroup_hba1c_category,<5.7,603,14,-124.96340837927336,-32.26643210963721,124.96340837927336,61.19402985074627,7.772405520032567
iauc_2h,2-h glucose iAUC,mg/dL*min,S3_carb_minus_20_to_fat_isocaloric,"Carb -20% to fat, isocaloric",subgroup_hba1c_category,>=6.5,364,12,-154.5898120230992,-32.37406223341027,154.5898120230992,60.98901098901099,-14.623304272025248
iauc_2h,2-h glucose iAUC,mg/dL*min,S4_fiber_plus_5,Fiber +5 g,Gender,F,993,26,-207.3442292547124,-60.53321573446743,207.3442292547124,72.70896273917423,10.97787131862987
iauc_2h,2-h glucose iAUC,mg/dL*min,S4_fiber_plus_5,Fiber +5 g,Gender,M,490,14,-226.27824579825392,-108.99415606257436,226.27824579825392,77.9591836734694,28.852905684271157
iauc_2h,2-h glucose iAUC,mg/dL*min,S4_fiber_plus_5,Fiber +5 g,subgroup_bmi_30,BMI <30,788,21,-207.38652949382376,-79.64223915765191,207.38652949382376,74.74619289340102,23.45777578901925
iauc_2h,2-h glucose iAUC,mg/dL*min,S4_fiber_plus_5,Fiber +5 g,subgroup_bmi_30,BMI >=30,695,19,-220.6454314387636,-60.95485980772969,220.6454314387636,74.10071942446042,9.430536234453456
iauc_2h,2-h glucose iAUC,mg/dL*min,S4_fiber_plus_5,Fiber +5 g,subgroup_fasting_glucose_category,100-125,616,16,-187.0931105244881,-58.924170984396056,187.0931105244881,75.32467532467533,10.68101138944831
iauc_2h,2-h glucose iAUC,mg/dL*min,S4_fiber_plus_5,Fiber +5 g,subgroup_fasting_glucose_category,<100,418,10,-110.04439528679204,-50.1197412959416,110.04439528679204,71.05263157894737,27.617433290285515
iauc_2h,2-h glucose iAUC,mg/dL*min,S4_fiber_plus_5,Fiber +5 g,subgroup_fasting_glucose_category,>=126,449,14,-346.3724872563699,-160.47510424846632,346.3724872563699,76.39198218262806,15.401692368491814
iauc_2h,2-h glucose iAUC,mg/dL*min,S4_fiber_plus_5,Fiber +5 g,subgroup_hba1c_category,5.7-6.4,516,14,-237.02884951320095,-83.93580107041579,237.02884951320095,76.74418604651163,7.584548594484302
iauc_2h,2-h glucose iAUC,mg/dL*min,S4_fiber_plus_5,Fiber +5 g,subgroup_hba1c_category,<5.7,603,14,-116.15141012598342,-53.781857053176736,116.15141012598342,72.80265339966833,24.262321796072754
iauc_2h,2-h glucose iAUC,mg/dL*min,S4_fiber_plus_5,Fiber +5 g,subgroup_hba1c_category,>=6.5,364,12,-341.8213555942146,-133.5361177327468,341.8213555942146,73.9010989010989,17.84379913985318
iauc_2h,2-h glucose iAUC,mg/dL*min,S5_protein_plus_10_energy_added,"Protein +10 g, energy added",Gender,F,993,26,-194.00282420707933,-97.98048790031544,194.00282420707933,69.08358509566969,16.42062861795843
iauc_2h,2-h glucose iAUC,mg/dL*min,S5_protein_plus_10_energy_added,"Protein +10 g, energy added",Gender,M,490,14,-188.78446546108276,-91.46892525916924,188.78446546108276,67.55102040816327,36.29541218824385
iauc_2h,2-h glucose iAUC,mg/dL*min,S5_protein_plus_10_energy_added,"Protein +10 g, energy added",subgroup_bmi_30,BMI <30,788,21,-204.81619251775265,-100.40207999209316,204.81619251775265,68.52791878172589,38.17306040947907
iauc_2h,2-h glucose iAUC,mg/dL*min,S5_protein_plus_10_energy_added,"Protein +10 g, energy added",subgroup_bmi_30,BMI >=30,695,19,-178.0633565605341,-92.12344691665452,178.0633565605341,68.63309352517986,5.769877103888781
iauc_2h,2-h glucose iAUC,mg/dL*min,S5_protein_plus_10_energy_added,"Protein +10 g, energy added",subgroup_fasting_glucose_category,100-125,616,16,-197.8828926212703,-109.33911646717024,197.8828926212703,69.48051948051948,5.323607557327422
iauc_2h,2-h glucose iAUC,mg/dL*min,S5_protein_plus_10_energy_added,"Protein +10 g, energy added",subgroup_fasting_glucose_category,<100,418,10,-208.01275206438788,-109.50024102645932,208.01275206438788,70.81339712918661,50.93052435590822
iauc_2h,2-h glucose iAUC,mg/dL*min,S5_protein_plus_10_energy_added,"Protein +10 g, energy added",subgroup_fasting_glucose_category,>=126,449,14,-169.9420942003199,-69.781005770879,169.9420942003199,65.25612472160356,21.207427068572144
iauc_2h,2-h glucose iAUC,mg/dL*min,S5_protein_plus_10_energy_added,"Protein +10 g, energy added",subgroup_hba1c_category,5.7-6.4,516,14,-195.6607207821528,-99.69928022421982,195.6607207821528,68.7984496124031,8.267886541338967
iauc_2h,2-h glucose iAUC,mg/dL*min,S5_protein_plus_10_energy_added,"Protein +10 g, energy added",subgroup_hba1c_category,<5.7,603,14,-198.2114818580527,-107.14959918792728,198.2114818580527,69.48590381426202,33.69466392770784
iauc_2h,2-h glucose iAUC,mg/dL*min,S5_protein_plus_10_energy_added,"Protein +10 g, energy added",subgroup_hba1c_category,>=6.5,364,12,-177.65587096033966,-77.05357513054479,177.65587096033966,66.75824175824175,26.116275786080973
iauc_2h,2-h glucose iAUC,mg/dL*min,S6_cap_carbs_60g_energy_reduced,Cap carbs at 60 g,Gender,F,993,26,-181.50923716295148,0.0,181.50923716295148,38.36858006042296,1.1201626088462624
iauc_2h,2-h glucose iAUC,mg/dL*min,S6_cap_carbs_60g_energy_reduced,Cap carbs at 60 g,Gender,M,490,14,-185.23269884321104,0.0,185.23269884321104,37.55102040816327,4.612247062435516
iauc_2h,2-h glucose iAUC,mg/dL*min,S6_cap_carbs_60g_energy_reduced,Cap carbs at 60 g,subgroup_bmi_30,BMI <30,788,21,-190.4390577439669,0.0,190.4390577439669,38.45177664974619,5.1786400679532
iauc_2h,2-h glucose iAUC,mg/dL*min,S6_cap_carbs_60g_energy_reduced,Cap carbs at 60 g,subgroup_bmi_30,BMI >=30,695,19,-174.00966537228527,0.0,174.00966537228527,37.69784172661871,-1.0193465357832798
iauc_2h,2-h glucose iAUC,mg/dL*min,S6_cap_carbs_60g_energy_reduced,Cap carbs at 60 g,subgroup_fasting_glucose_category,100-125,616,16,-171.7122419859666,0.0,171.7122419859666,37.33766233766234,4.011649386891459
iauc_2h,2-h glucose iAUC,mg/dL*min,S6_cap_carbs_60g_energy_reduced,Cap carbs at 60 g,subgroup_fasting_glucose_category,<100,418,10,-237.511802280417,0.0,237.511802280417,40.430622009569376,9.504220555461831
iauc_2h,2-h glucose iAUC,mg/dL*min,S6_cap_carbs_60g_energy_reduced,Cap carbs at 60 g,subgroup_fasting_glucose_category,>=126,449,14,-146.87755126818374,0.0,146.87755126818374,36.97104677060133,-6.84101933926602
iauc_2h,2-h glucose iAUC,mg/dL*min,S6_cap_carbs_60g_energy_reduced,Cap carbs at 60 g,subgroup_hba1c_category,5.7-6.4,516,14,-175.71970454582356,0.0,175.71970454582356,36.82170542635659,3.135468607000906
iauc_2h,2-h glucose iAUC,mg/dL*min,S6_cap_carbs_60g_energy_reduced,Cap carbs at 60 g,subgroup_hba1c_category,<5.7,603,14,-213.26583538605885,0.0,213.26583538605885,39.13764510779436,8.07770440020921
iauc_2h,2-h glucose iAUC,mg/dL*min,S6_cap_carbs_60g_energy_reduced,Cap carbs at 60 g,subgroup_hba1c_category,>=6.5,364,12,-142.1209578366642,0.0,142.1209578366642,38.18681318681318,-8.561634679562852
iauc_2h,2-h glucose iAUC,mg/dL*min,S7_cap_carbs_45g_energy_reduced,Cap carbs at 45 g,Gender,F,993,26,-519.5584958707494,0.0,519.5584958707494,43.50453172205438,5.986345383267492
iauc_2h,2-h glucose iAUC,mg/dL*min,S7_cap_carbs_45g_energy_reduced,Cap carbs at 45 g,Gender,M,490,14,-634.2985207431685,0.0,634.2985207431685,49.18367346938776,16.35307838861335
iauc_2h,2-h glucose iAUC,mg/dL*min,S7_cap_carbs_45g_energy_reduced,Cap carbs at 45 g,subgroup_bmi_30,BMI <30,788,21,-549.8422143159056,0.0,549.8422143159056,47.20812182741117,15.77749887291223
iauc_2h,2-h glucose iAUC,mg/dL*min,S7_cap_carbs_45g_energy_reduced,Cap carbs at 45 g,subgroup_bmi_30,BMI >=30,695,19,-566.1182686084506,0.0,566.1182686084506,43.30935251798561,2.1939284376263624
iauc_2h,2-h glucose iAUC,mg/dL*min,S7_cap_carbs_45g_energy_reduced,Cap carbs at 45 g,subgroup_fasting_glucose_category,100-125,616,16,-506.79225438957286,0.0,506.79225438957286,42.532467532467535,9.774558084565651
iauc_2h,2-h glucose iAUC,mg/dL*min,S7_cap_carbs_45g_energy_reduced,Cap carbs at 45 g,subgroup_fasting_glucose_category,<100,418,10,-465.5896229965506,0.0,465.5896229965506,43.7799043062201,17.21251654911321
iauc_2h,2-h glucose iAUC,mg/dL*min,S7_cap_carbs_45g_energy_reduced,Cap carbs at 45 g,subgroup_fasting_glucose_category,>=126,449,14,-712.5331190362398,-28.006941372418623,712.5331190362398,50.77951002227172,1.6514246734596785
iauc_2h,2-h glucose iAUC,mg/dL*min,S7_cap_carbs_45g_energy_reduced,Cap carbs at 45 g,subgroup_hba1c_category,5.7-6.4,516,14,-571.0789323095944,0.0,571.0789323095944,44.57364341085272,10.688465891496833
iauc_2h,2-h glucose iAUC,mg/dL*min,S7_cap_carbs_45g_energy_reduced,Cap carbs at 45 g,subgroup_hba1c_category,<5.7,603,14,-451.9275168744544,0.0,451.9275168744544,42.78606965174129,14.336272452037091
iauc_2h,2-h glucose iAUC,mg/dL*min,S7_cap_carbs_45g_energy_reduced,Cap carbs at 45 g,subgroup_hba1c_category,>=6.5,364,12,-713.0187907053848,-12.71532279981136,713.0187907053848,50.82417582417583,-0.5565145950153072
iauc_2h,2-h glucose iAUC,mg/dL*min,S8_late_meal_to_noon_exploratory,Late meal to noon,Gender,F,993,26,225.099967756501,0.0,-225.099967756501,4.33031218529708,-47.74582283533337
iauc_2h,2-h glucose iAUC,mg/dL*min,S8_late_meal_to_noon_exploratory,Late meal to noon,Gender,M,490,14,102.09753882360329,0.0,-102.09753882360329,6.530612244897959,-14.18592287795739
iauc_2h,2-h glucose iAUC,mg/dL*min,S8_late_meal_to_noon_exploratory,Late meal to noon,subgroup_bmi_30,BMI <30,788,21,216.43564823001952,0.0,-216.43564823001952,3.934010152284264,-36.84751867440247
iauc_2h,2-h glucose iAUC,mg/dL*min,S8_late_meal_to_noon_exploratory,Late meal to noon,subgroup_bmi_30,BMI >=30,695,19,148.2025484899507,0.0,-148.2025484899507,6.330935251798561,-36.44152456151944
iauc_2h,2-h glucose iAUC,mg/dL*min,S8_late_meal_to_noon_exploratory,Late meal to noon,subgroup_fasting_glucose_category,100-125,616,16,176.1802659929319,0.0,-176.1802659929319,4.058441558441558,-34.44579599097489
iauc_2h,2-h glucose iAUC,mg/dL*min,S8_late_meal_to_noon_exploratory,Late meal to noon,subgroup_fasting_glucose_category,<100,418,10,293.2646155047162,0.0,-293.2646155047162,5.502392344497608,-65.55689932272433
iauc_2h,2-h glucose iAUC,mg/dL*min,S8_late_meal_to_noon_exploratory,Late meal to noon,subgroup_fasting_glucose_category,>=126,449,14,94.52206875980774,0.0,-94.52206875980774,6.013363028953229,-12.786882045313725
iauc_2h,2-h glucose iAUC,mg/dL*min,S8_late_meal_to_noon_exploratory,Late meal to noon,subgroup_hba1c_category,5.7-6.4,516,14,119.47209411633524,0.0,-119.47209411633524,5.62015503875969,-27.45583535989156
iauc_2h,2-h glucose iAUC,mg/dL*min,S8_late_meal_to_noon_exploratory,Late meal to noon,subgroup_hba1c_category,<5.7,603,14,283.0356379928954,0.0,-283.0356379928954,4.975124378109453,-57.35118667432376
iauc_2h,2-h glucose iAUC,mg/dL*min,S8_late_meal_to_noon_exploratory,Late meal to noon,subgroup_hba1c_category,>=6.5,364,12,113.28014212095114,0.0,-113.28014212095114,4.395604395604396,-15.41958152572497
peak_delta_2h,2-h peak glucose excursion,mg/dL,S1_carb_minus_20_energy_reduced,"Carb -20%, energy reduced",Gender,F,980,26,-2.5549829235224566,-0.7328578882698089,2.5549829235224566,65.20408163265307,-67.11688948142434
peak_delta_2h,2-h peak glucose excursion,mg/dL,S1_carb_minus_20_energy_reduced,"Carb -20%, energy reduced",Gender,M,488,14,-2.768146269904905,-0.8884658645300298,2.768146269904905,66.39344262295081,2.902860588018886
peak_delta_2h,2-h peak glucose excursion,mg/dL,S1_carb_minus_20_energy_reduced,"Carb -20%, energy reduced",subgroup_bmi_30,BMI <30,783,21,-2.5524306454848587,-0.7361623140741074,2.5524306454848587,65.26181353767561,-83.93326695246064
peak_delta_2h,2-h peak glucose excursion,mg/dL,S1_carb_minus_20_energy_reduced,"Carb -20%, energy reduced",subgroup_bmi_30,BMI >=30,685,19,-2.70975978007439,-0.8680119754777103,2.70975978007439,65.985401459854,1.9880179546482504
peak_delta_2h,2-h peak glucose excursion,mg/dL,S1_carb_minus_20_energy_reduced,"Carb -20%, energy reduced",subgroup_fasting_glucose_category,100-125,612,16,-2.24444475527619,-0.7488879875949213,2.24444475527619,65.84967320261438,1.7971808153457278
peak_delta_2h,2-h peak glucose excursion,mg/dL,S1_carb_minus_20_energy_reduced,"Carb -20%, energy reduced",subgroup_fasting_glucose_category,<100,417,10,-2.448713456613357,-0.926385207081406,2.448713456613357,69.06474820143885,5.006275524773782
peak_delta_2h,2-h peak glucose excursion,mg/dL,S1_carb_minus_20_energy_reduced,"Carb -20%, energy reduced",subgroup_fasting_glucose_category,>=126,439,14,-3.32579713696766,-0.758059484917311,3.32579713696766,61.95899772209568,-153.8620666917195
peak_delta_2h,2-h peak glucose excursion,mg/dL,S1_carb_minus_20_energy_reduced,"Carb -20%, energy reduced",subgroup_hba1c_category,5.7-6.4,512,14,-2.37852499562568,-0.7709612385135021,2.37852499562568,64.84375,-131.5387921909155
peak_delta_2h,2-h peak glucose excursion,mg/dL,S1_carb_minus_20_energy_reduced,"Carb -20%, energy reduced",subgroup_hba1c_category,<5.7,600,14,-2.222356273248069,-0.783455016325826,2.222356273248069,67.5,3.59343883574187
peak_delta_2h,2-h peak glucose excursion,mg/dL,S1_carb_minus_20_energy_reduced,"Carb -20%, energy reduced",subgroup_hba1c_category,>=6.5,356,12,-3.66157326701239,-0.8486184283359375,3.66157326701239,63.48314606741573,2.342254425452281
peak_delta_2h,2-h peak glucose excursion,mg/dL,S2_carb_minus_20_to_protein_isocaloric,"Carb -20% to protein, isocaloric",Gender,F,980,26,-5.048155912591371,-2.9407141786709268,5.048155912591371,72.95918367346938,-147.6248201920606
peak_delta_2h,2-h peak glucose excursion,mg/dL,S2_carb_minus_20_to_protein_isocaloric,"Carb -20% to protein, isocaloric",Gender,M,488,14,-5.35878309736091,-2.957991960449384,5.35878309736091,78.07377049180327,10.644719718653995
peak_delta_2h,2-h peak glucose excursion,mg/dL,S2_carb_minus_20_to_protein_isocaloric,"Carb -20% to protein, isocaloric",subgroup_bmi_30,BMI <30,783,21,-4.998956799176592,-2.8566556724344,4.998956799176592,75.22349936143038,-185.0628072567505
peak_delta_2h,2-h peak glucose excursion,mg/dL,S2_carb_minus_20_to_protein_isocaloric,"Carb -20% to protein, isocaloric",subgroup_bmi_30,BMI >=30,685,19,-5.325687258534882,-3.048321997268655,5.325687258534882,74.01459854014598,7.921864987619518
peak_delta_2h,2-h peak glucose excursion,mg/dL,S2_carb_minus_20_to_protein_isocaloric,"Carb -20% to protein, isocaloric",subgroup_fasting_glucose_category,100-125,612,16,-4.829190081445798,-2.6355391138507764,4.829190081445798,73.20261437908496,7.109494520407214
peak_delta_2h,2-h peak glucose excursion,mg/dL,S2_carb_minus_20_to_protein_isocaloric,"Carb -20% to protein, isocaloric",subgroup_fasting_glucose_category,<100,417,10,-4.793002271352581,-3.3021212709388514,4.793002271352581,75.29976019184652,12.548031308837135
peak_delta_2h,2-h peak glucose excursion,mg/dL,S2_carb_minus_20_to_protein_isocaloric,"Carb -20% to protein, isocaloric",subgroup_fasting_glucose_category,>=126,439,14,-5.941076694425539,-2.9648120593152214,5.941076694425539,76.08200455580865,-339.5472443457642
peak_delta_2h,2-h peak glucose excursion,mg/dL,S2_carb_minus_20_to_protein_isocaloric,"Carb -20% to protein, isocaloric",subgroup_hba1c_category,5.7-6.4,512,14,-5.109005175661462,-2.663091532908055,5.109005175661462,75.9765625,-291.0946510146663
peak_delta_2h,2-h peak glucose excursion,mg/dL,S2_carb_minus_20_to_protein_isocaloric,"Carb -20% to protein, isocaloric",subgroup_hba1c_category,<5.7,600,14,-4.418328774991301,-2.843994761735887,4.418328774991301,73.66666666666667,10.316716582974658
peak_delta_2h,2-h peak glucose excursion,mg/dL,S2_carb_minus_20_to_protein_isocaloric,"Carb -20% to protein, isocaloric",subgroup_hba1c_category,>=6.5,356,12,-6.447952334039935,-3.929688677442485,6.447952334039935,74.43820224719101,9.473962933168815
peak_delta_2h,2-h peak glucose excursion,mg/dL,S3_carb_minus_20_to_fat_isocaloric,"Carb -20% to fat, isocaloric",Gender,F,980,26,-2.578239813469594,-0.769707735748546,2.578239813469594,62.04081632653061,-42.73750944791851
peak_delta_2h,2-h peak glucose excursion,mg/dL,S3_carb_minus_20_to_fat_isocaloric,"Carb -20% to fat, isocaloric",Gender,M,488,14,-2.915661855968404,-1.0567892882781464,2.915661855968404,68.85245901639344,-0.3858148078821301
peak_delta_2h,2-h peak glucose excursion,mg/dL,S3_carb_minus_20_to_fat_isocaloric,"Carb -20% to fat, isocaloric",subgroup_bmi_30,BMI <30,783,21,-2.633029142225776,-0.9604662596272392,2.633029142225776,63.98467432950192,-52.358124985634106
peak_delta_2h,2-h peak glucose excursion,mg/dL,S3_carb_minus_20_to_fat_isocaloric,"Carb -20% to fat, isocaloric",subgroup_bmi_30,BMI >=30,685,19,-2.755994430000001,-0.8278005954284104,2.755994430000001,64.67153284671532,-1.5687956517592705
peak_delta_2h,2-h peak glucose excursion,mg/dL,S3_carb_minus_20_to_fat_isocaloric,"Carb -20% to fat, isocaloric",subgroup_fasting_glucose_category,100-125,612,16,-2.480898786213479,-0.8307748846897081,2.480898786213479,64.05228758169935,0.5643552338707379
peak_delta_2h,2-h peak glucose excursion,mg/dL,S3_carb_minus_20_to_fat_isocaloric,"Carb -20% to fat, isocaloric",subgroup_fasting_glucose_category,<100,417,10,-2.2840639663056663,-1.030716726479049,2.2840639663056663,63.78896882494005,0.4742761873980113
peak_delta_2h,2-h peak glucose excursion,mg/dL,S3_carb_minus_20_to_fat_isocaloric,"Carb -20% to fat, isocaloric",subgroup_fasting_glucose_category,>=126,439,14,-3.368458477905857,-0.8392903195776,3.368458477905857,65.14806378132118,-97.07106026988716
peak_delta_2h,2-h peak glucose excursion,mg/dL,S3_carb_minus_20_to_fat_isocaloric,"Carb -20% to fat, isocaloric",subgroup_hba1c_category,5.7-6.4,512,14,-2.5708617753576117,-0.9283695466775796,2.5708617753576117,66.2109375,-79.89414988037733
peak_delta_2h,2-h peak glucose excursion,mg/dL,S3_carb_minus_20_to_fat_isocaloric,"Carb -20% to fat, isocaloric",subgroup_hba1c_category,<5.7,600,14,-2.1535692958876704,-0.904166165218138,2.1535692958876704,62.5,0.8080502035916006
peak_delta_2h,2-h peak glucose excursion,mg/dL,S3_carb_minus_20_to_fat_isocaloric,"Carb -20% to fat, isocaloric",subgroup_hba1c_category,>=6.5,356,12,-3.767121338194056,-0.8961957258530084,3.767121338194056,64.60674157303372,-4.635006372495409
peak_delta_2h,2-h peak glucose excursion,mg/dL,S4_fiber_plus_5,Fiber +5 g,Gender,F,980,26,-1.8499975745399144,-0.6588823613506527,1.8499975745399144,71.73469387755102,16.11506721497587
peak_delta_2h,2-h peak glucose excursion,mg/dL,S4_fiber_plus_5,Fiber +5 g,Gender,M,488,14,-1.8520747870463616,-0.7619191901802154,1.8520747870463616,73.77049180327869,4.694631552517265
peak_delta_2h,2-h peak glucose excursion,mg/dL,S4_fiber_plus_5,Fiber +5 g,subgroup_bmi_30,BMI <30,783,21,-1.7750756788401028,-0.5601273384086056,1.7750756788401028,71.51979565772669,20.02307270162766
peak_delta_2h,2-h peak glucose excursion,mg/dL,S4_fiber_plus_5,Fiber +5 g,subgroup_bmi_30,BMI >=30,685,19,-1.937118047585314,-0.8439035773974197,1.937118047585314,73.43065693430657,3.5119418144968177
peak_delta_2h,2-h peak glucose excursion,mg/dL,S4_fiber_plus_5,Fiber +5 g,subgroup_fasting_glucose_category,100-125,612,16,-1.580475461518501,-0.6888380196944581,1.580475461518501,74.50980392156863,3.083125632824332
peak_delta_2h,2-h peak glucose excursion,mg/dL,S4_fiber_plus_5,Fiber +5 g,subgroup_fasting_glucose_category,<100,417,10,-0.8286452540974641,-0.371726008791839,0.8286452540974641,69.54436450839329,3.9735693812446766
peak_delta_2h,2-h peak glucose excursion,mg/dL,S4_fiber_plus_5,Fiber +5 g,subgroup_fasting_glucose_category,>=126,439,14,-3.1982097169015384,-1.6952979020332606,3.1982097169015384,72.20956719817767,33.12048917776141
peak_delta_2h,2-h peak glucose excursion,mg/dL,S4_fiber_plus_5,Fiber +5 g,subgroup_hba1c_category,5.7-6.4,512,14,-2.309830295306329,-1.015086758616519,2.309830295306329,77.34375,26.852017208875623
peak_delta_2h,2-h peak glucose excursion,mg/dL,S4_fiber_plus_5,Fiber +5 g,subgroup_hba1c_category,<5.7,600,14,-0.8393074119826247,-0.42755823051864,0.8393074119826247,69.83333333333334,3.267227097583188
peak_delta_2h,2-h peak glucose excursion,mg/dL,S4_fiber_plus_5,Fiber +5 g,subgroup_hba1c_category,>=6.5,356,12,-2.89492292343069,-1.2912880469397765,2.89492292343069,69.66292134831461,6.671845502276803
peak_delta_2h,2-h peak glucose excursion,mg/dL,S5_protein_plus_10_energy_added,"Protein +10 g, energy added",Gender,F,980,26,-3.3205622167110125,-1.509816114240312,3.3205622167110125,68.16326530612244,19.572894895275564
peak_delta_2h,2-h peak glucose excursion,mg/dL,S5_protein_plus_10_energy_added,"Protein +10 g, energy added",Gender,M,488,14,-3.261700871660516,-1.1357119880825337,3.261700871660516,67.41803278688525,7.787086365955292
peak_delta_2h,2-h peak glucose excursion,mg/dL,S5_protein_plus_10_energy_added,"Protein +10 g, energy added",subgroup_bmi_30,BMI <30,783,21,-3.1829720296065465,-1.3604515025257058,3.1829720296065465,67.81609195402298,22.87861692195854
peak_delta_2h,2-h peak glucose excursion,mg/dL,S5_protein_plus_10_energy_added,"Protein +10 g, energy added",subgroup_bmi_30,BMI >=30,685,19,-3.435903501555033,-1.4393839876125938,3.435903501555033,68.02919708029196,7.397924224909055
peak_delta_2h,2-h peak glucose excursion,mg/dL,S5_protein_plus_10_energy_added,"Protein +10 g, energy added",subgroup_fasting_glucose_category,100-125,612,16,-3.186904657850252,-1.376116790532862,3.186904657850252,66.83006535947712,5.233921594175133
peak_delta_2h,2-h peak glucose excursion,mg/dL,S5_protein_plus_10_energy_added,"Protein +10 g, energy added",subgroup_fasting_glucose_category,<100,417,10,-3.168998925525722,-1.503904763187471,3.168998925525722,70.50359712230215,11.351464247882504
peak_delta_2h,2-h peak glucose excursion,mg/dL,S5_protein_plus_10_energy_added,"Protein +10 g, energy added",subgroup_fasting_glucose_category,>=126,439,14,-3.5854277794955443,-1.1978883706030246,3.5854277794955443,66.97038724373576,34.270648147959115
peak_delta_2h,2-h peak glucose excursion,mg/dL,S5_protein_plus_10_energy_added,"Protein +10 g, energy added",subgroup_hba1c_category,5.7-6.4,512,14,-3.404763422397647,-1.7063595832473304,3.404763422397647,69.7265625,28.578374067191024
peak_delta_2h,2-h peak glucose excursion,mg/dL,S5_protein_plus_10_energy_added,"Protein +10 g, energy added",subgroup_hba1c_category,<5.7,600,14,-2.9587803715833805,-1.3636050167818263,2.9587803715833805,68.83333333333333,8.981609551794985
peak_delta_2h,2-h peak glucose excursion,mg/dL,S5_protein_plus_10_energy_added,"Protein +10 g, energy added",subgroup_hba1c_category,>=6.5,356,12,-3.728522198116574,-1.1404794268407468,3.728522198116574,63.76404494382022,8.315848006959106
peak_delta_2h,2-h peak glucose excursion,mg/dL,S6_cap_carbs_60g_energy_reduced,Cap carbs at 60 g,Gender,F,980,26,-3.1205469994043185,0.0,3.1205469994043185,38.265306122448976,-66.98738200551358
peak_delta_2h,2-h peak glucose excursion,mg/dL,S6_cap_carbs_60g_energy_reduced,Cap carbs at 60 g,Gender,M,488,14,-3.522258094896608,0.0,3.522258094896608,40.16393442622951,4.054446054850136
peak_delta_2h,2-h peak glucose excursion,mg/dL,S6_cap_carbs_60g_energy_reduced,Cap carbs at 60 g,subgroup_bmi_30,BMI <30,783,21,-3.1893644692836576,0.0,3.1893644692836576,39.59131545338442,-83.48997288692019
peak_delta_2h,2-h peak glucose excursion,mg/dL,S6_cap_carbs_60g_energy_reduced,Cap carbs at 60 g,subgroup_bmi_30,BMI >=30,685,19,-3.328066613542588,0.0,3.328066613542588,38.1021897810219,2.486984058134418
peak_delta_2h,2-h peak glucose excursion,mg/dL,S6_cap_carbs_60g_energy_reduced,Cap carbs at 60 g,subgroup_fasting_glucose_category,100-125,612,16,-2.8879405550399526,0.0,2.8879405550399526,37.41830065359477,3.498364541063746
peak_delta_2h,2-h peak glucose excursion,mg/dL,S6_cap_carbs_60g_energy_reduced,Cap carbs at 60 g,subgroup_fasting_glucose_category,<100,417,10,-3.1979643718163784,0.0,3.1979643718163784,40.04796163069545,7.057586529710906
peak_delta_2h,2-h peak glucose excursion,mg/dL,S6_cap_carbs_60g_energy_reduced,Cap carbs at 60 g,subgroup_fasting_glucose_category,>=126,439,14,-3.817829719803862,0.0,3.817829719803862,39.863325740318906,-156.61293251174692
peak_delta_2h,2-h peak glucose excursion,mg/dL,S6_cap_carbs_60g_energy_reduced,Cap carbs at 60 g,subgroup_hba1c_category,5.7-6.4,512,14,-3.1656112059835078,0.0,3.1656112059835078,38.4765625,-132.09809097254737
peak_delta_2h,2-h peak glucose excursion,mg/dL,S6_cap_carbs_60g_energy_reduced,Cap carbs at 60 g,subgroup_hba1c_category,<5.7,600,14,-2.842178039010006,0.0,2.842178039010006,38.0,5.858029525091975
peak_delta_2h,2-h peak glucose excursion,mg/dL,S6_cap_carbs_60g_energy_reduced,Cap carbs at 60 g,subgroup_hba1c_category,>=6.5,356,12,-4.075556878809599,0.0,4.075556878809599,41.01123595505618,1.2650004838556757
peak_delta_2h,2-h peak glucose excursion,mg/dL,S7_cap_carbs_45g_energy_reduced,Cap carbs at 45 g,Gender,F,980,26,-8.110265123888459,0.0,8.110265123888459,43.46938775510204,-58.25669757767624
peak_delta_2h,2-h peak glucose excursion,mg/dL,S7_cap_carbs_45g_energy_reduced,Cap carbs at 45 g,Gender,M,488,14,-9.913526969172976,0.0,9.913526969172976,47.950819672131146,11.150241123237786
peak_delta_2h,2-h peak glucose excursion,mg/dL,S7_cap_carbs_45g_energy_reduced,Cap carbs at 45 g,subgroup_bmi_30,BMI <30,783,21,-8.621136027175078,0.0,8.621136027175078,46.23243933588761,-75.67872424427932
peak_delta_2h,2-h peak glucose excursion,mg/dL,S7_cap_carbs_45g_energy_reduced,Cap carbs at 45 g,subgroup_bmi_30,BMI >=30,685,19,-8.810965654144546,0.0,8.810965654144546,43.503649635036496,11.10393448947158
peak_delta_2h,2-h peak glucose excursion,mg/dL,S7_cap_carbs_45g_energy_reduced,Cap carbs at 45 g,subgroup_fasting_glucose_category,100-125,612,16,-7.755928996239032,0.0,7.755928996239032,42.64705882352941,9.75508172279883
peak_delta_2h,2-h peak glucose excursion,mg/dL,S7_cap_carbs_45g_energy_reduced,Cap carbs at 45 g,subgroup_fasting_glucose_category,<100,417,10,-7.210550493514071,0.0,7.210550493514071,42.44604316546763,13.692919211165403
peak_delta_2h,2-h peak glucose excursion,mg/dL,S7_cap_carbs_45g_energy_reduced,Cap carbs at 45 g,subgroup_fasting_glucose_category,>=126,439,14,-11.463400639802838,-0.6616478665546879,11.463400639802838,50.56947608200456,-144.26037194394428
peak_delta_2h,2-h peak glucose excursion,mg/dL,S7_cap_carbs_45g_energy_reduced,Cap carbs at 45 g,subgroup_hba1c_category,5.7-6.4,512,14,-8.950238049297141,0.0,8.950238049297141,45.703125,-123.471882540394
peak_delta_2h,2-h peak glucose excursion,mg/dL,S7_cap_carbs_45g_energy_reduced,Cap carbs at 45 g,subgroup_hba1c_category,<5.7,600,14,-6.613962436325064,0.0,6.613962436325064,40.33333333333333,10.679076455767392
peak_delta_2h,2-h peak glucose excursion,mg/dL,S7_cap_carbs_45g_energy_reduced,Cap carbs at 45 g,subgroup_hba1c_category,>=6.5,356,12,-11.895959661044742,-1.2769240358888323,11.895959661044742,51.68539325842697,14.494134913591632
peak_delta_2h,2-h peak glucose excursion,mg/dL,S8_late_meal_to_noon_exploratory,Late meal to noon,Gender,F,980,26,2.8799590767596106,0.0,-2.8799590767596106,6.428571428571428,-25.21811086217404
peak_delta_2h,2-h peak glucose excursion,mg/dL,S8_late_meal_to_noon_exploratory,Late meal to noon,Gender,M,488,14,1.139512098597818,0.0,-1.139512098597818,8.401639344262295,-11.173632924636768
peak_delta_2h,2-h peak glucose excursion,mg/dL,S8_late_meal_to_noon_exploratory,Late meal to noon,subgroup_bmi_30,BMI <30,783,21,2.4112376329710745,0.0,-2.4112376329710745,6.641123882503193,-13.210168942480353
peak_delta_2h,2-h peak glucose excursion,mg/dL,S8_late_meal_to_noon_exploratory,Late meal to noon,subgroup_bmi_30,BMI >=30,685,19,2.1758288068960616,0.0,-2.1758288068960616,7.591240875912408,-28.9385682192572
peak_delta_2h,2-h peak glucose excursion,mg/dL,S8_late_meal_to_noon_exploratory,Late meal to noon,subgroup_fasting_glucose_category,100-125,612,16,2.503395390462985,0.0,-2.503395390462985,5.228758169934641,-16.120994739565308
peak_delta_2h,2-h peak glucose excursion,mg/dL,S8_late_meal_to_noon_exploratory,Late meal to noon,subgroup_fasting_glucose_category,<100,417,10,3.240130035610688,0.0,-3.240130035610688,6.474820143884892,-31.496336718937485
peak_delta_2h,2-h peak glucose excursion,mg/dL,S8_late_meal_to_noon_exploratory,Late meal to noon,subgroup_fasting_glucose_category,>=126,439,14,1.1280856390140086,0.0,-1.1280856390140086,10.250569476082005,-16.324510978912073
peak_delta_2h,2-h peak glucose excursion,mg/dL,S8_late_meal_to_noon_exploratory,Late meal to noon,subgroup_hba1c_category,5.7-6.4,512,14,1.3639065457100883,0.0,-1.3639065457100883,7.421875,-8.696212813854672
peak_delta_2h,2-h peak glucose excursion,mg/dL,S8_late_meal_to_noon_exploratory,Late meal to noon,subgroup_hba1c_category,<5.7,600,14,3.305421937066839,0.0,-3.305421937066839,6.666666666666667,-30.598699591213176
peak_delta_2h,2-h peak glucose excursion,mg/dL,S8_late_meal_to_noon_exploratory,Late meal to noon,subgroup_hba1c_category,>=6.5,356,12,1.95749574633844,0.0,-1.95749574633844,7.303370786516854,-20.659552799808434
